group,n,defaults,observed_dr,mean_pd,binom_pvalue
1,44560,2048,0.04596050269299821,0.045350374061553636,0.2710041703122058
2,44560,3544,0.07953321364452423,0.06887609217722046,2.018973093527736e-18
3,44559,4445,0.09975538050674387,0.0850368873291504,8.842020210904666e-28
4,44560,5262,0.11808797127468582,0.0993234210508246,2.41927403525594e-38
5,44559,5967,0.133912340941224,0.11349242112646613,2.135229045478952e-40
6,44560,6780,0.15215439856373428,0.12855370080061662,4.5363673465480384e-48
7,44559,7407,0.16622904463744698,0.1451793387404547,1.8890443289603737e-35
8,44560,8225,0.18458258527827648,0.16461985840255577,2.4473299666915284e-29
9,44559,9476,0.21266186404542292,0.1905239948129902,4.596851313700769e-32
10,44560,11293,0.2534335727109515,0.24617116281205131,0.00019809367414948771
