feature,iv
loan_amnt,0.0050223665276189836
annual_inc,0.08736830362337736
dti,0.034697657771740484
emp_length_years,0.012425380548926331
fico_mid,0.14208206739863433
inq_last_6mths,0.029666053305507045
delinq_2yrs,0.000378987935108679
pub_rec,1.1227670762374595e-05
open_acc,0.0007907342008783199
total_acc,0.012994674182532544
revol_bal,0.010110004454893632
revol_util,0.03719597446047024
credit_history_years,0.017932992535311592
home_ownership,0.028659660887038883
verification_status,0.0006507281290134016
purpose,0.034137596317600355
