variable,psi,status
loan_amnt,0.018792915269855298,stable
annual_inc,0.0086734072099799,stable
dti,0.066275152435067,stable
emp_length_years,0.02330165748252286,stable
fico_mid,0.05830292742309116,stable
inq_last_6mths,0.03412149484293865,stable
delinq_2yrs,0.02634504526628563,stable
pub_rec,0.0008750540378474542,stable
open_acc,0.03409899476805395,stable
total_acc,0.014344135329875943,stable
revol_bal,0.0085244631456482,stable
revol_util,0.03089812766896132,stable
credit_history_years,0.054097693359638384,stable
home_ownership,0.01479857714736343,stable
verification_status,0.16482419792684264,monitor
purpose,0.10576995840672393,monitor
score,0.0033414286778307334,stable
